Product,Country,Client_segment,Product_type,Period,BR,MR
LoanA,DE,Retail,Floating,2003-01,2.05808,1.88551
LoanA,DE,Retail,Floating,2003-02,2.09811,1.97447
LoanA,DE,Retail,Floating,2003-03,2.1501,2.02284
LoanA,DE,Retail,Floating,2003-04,2.17743,2.00936
LoanA,DE,Retail,Floating,2003-05,2.22087,2.04649
LoanA,DE,Retail,Floating,2003-06,2.23819,2.03332
LoanA,DE,Retail,Floating,2003-07,2.20678,2.02004
LoanA,DE,Retail,Floating,2003-08,2.30509,2.04213
LoanA,DE,Retail,Floating,2003-09,2.14809,1.95647
LoanA,DE,Retail,Floating,2003-10,2.05851,1.88022
LoanA,DE,Retail,Floating,2003-11,2.03986,1.86211
LoanA,DE,Retail,Floating,2003-12,1.96454,1.82147
LoanA,DE,Retail,Floating,2004-01,2.03754,1.84718
LoanA,DE,Retail,Floating,2004-02,2.03126,1.81178
LoanA,DE,Retail,Floating,2004-03,1.96726,1.75116
LoanA,DE,Retail,Floating,2004-04,2.00952,1.83445
LoanA,DE,Retail,Floating,2004-05,1.96749,1.83316
LoanA,DE,Retail,Floating,2004-06,1.97887,1.84653
LoanA,DE,Retail,Floating,2004-07,1.9762,1.7853
LoanA,DE,Retail,Floating,2004-08,1.95692,1.76808
LoanA,DE,Retail,Floating,2004-09,1.96016,1.78362
LoanA,DE,Retail,Floating,2004-10,1.94537,1.73607
LoanA,DE,Retail,Floating,2004-11,1.99972,1.76486
LoanA,DE,Retail,Floating,2004-12,1.97233,1.74483
LoanA,DE,Retail,Floating,2005-01,1.9647,1.74024
LoanA,DE,Retail,Floating,2005-02,1.97837,1.72016
LoanA,DE,Retail,Floating,2005-03,2.03944,1.82277
LoanA,DE,Retail,Floating,2005-04,2.02185,1.8321
LoanA,DE,Retail,Floating,2005-05,2.00448,1.78921
LoanA,DE,Retail,Floating,2005-06,2.02596,1.84034
LoanA,DE,Retail,Floating,2005-07,1.97208,1.78929
LoanA,DE,Retail,Floating,2005-08,2.03116,1.80974
LoanA,DE,Retail,Floating,2005-09,1.93517,1.72175
LoanA,DE,Retail,Floating,2005-10,1.80634,1.66535
LoanA,DE,Retail,Floating,2005-11,1.87038,1.68519
LoanA,DE,Retail,Floating,2005-12,1.90978,1.73211
LoanA,DE,Retail,Floating,2006-01,1.92875,1.75068
LoanA,DE,Retail,Floating,2006-02,1.95644,1.7549
LoanA,DE,Retail,Floating,2006-03,1.94599,1.74984
LoanA,DE,Retail,Floating,2006-04,1.90308,1.68592
LoanA,DE,Retail,Floating,2006-05,1.81928,1.65992
LoanA,DE,Retail,Floating,2006-06,1.80973,1.64689
LoanA,DE,Retail,Floating,2006-07,1.93086,1.70975
LoanA,DE,Retail,Floating,2006-08,1.94535,1.73693
LoanA,DE,Retail,Floating,2006-09,1.82956,1.65878
LoanA,DE,Retail,Floating,2006-10,1.84191,1.68498
LoanA,DE,Retail,Floating,2006-11,1.8326,1.67573
LoanA,DE,Retail,Floating,2006-12,1.84542,1.65188
LoanA,DE,Retail,Floating,2007-01,1.87779,1.69247
LoanA,DE,Retail,Floating,2007-02,1.92018,1.75402
LoanA,DE,Retail,Floating,2007-03,1.9819,1.81058
LoanA,DE,Retail,Floating,2007-04,1.97878,1.77862
LoanA,DE,Retail,Floating,2007-05,1.96353,1.77316
LoanA,DE,Retail,Floating,2007-06,1.96988,1.79972
LoanA,DE,Retail,Floating,2007-07,2.01404,1.8585
LoanA,DE,Retail,Floating,2007-08,2.02428,1.84454
LoanA,DE,Retail,Floating,2007-09,2.02514,1.84526
LoanA,DE,Retail,Floating,2007-10,2.01228,1.79994
LoanA,DE,Retail,Floating,2007-11,1.92661,1.75013
LoanA,DE,Retail,Floating,2007-12,1.95543,1.80076
LoanA,FR,Retail,Floating,2003-01,1.90306,1.77111
LoanA,FR,Retail,Floating,2003-02,1.84686,1.74102
LoanA,FR,Retail,Floating,2003-03,1.94076,1.82022
LoanA,FR,Retail,Floating,2003-04,1.99906,1.90048
LoanA,FR,Retail,Floating,2003-05,2.08792,1.9801
LoanA,FR,Retail,Floating,2003-06,2.06606,1.94606
LoanA,FR,Retail,Floating,2003-07,2.06343,1.95991
LoanA,FR,Retail,Floating,2003-08,2.02162,1.94524
LoanA,FR,Retail,Floating,2003-09,2.03147,2.00139
LoanA,FR,Retail,Floating,2003-10,2.12225,2.09672
LoanA,FR,Retail,Floating,2003-11,2.21154,2.1504
LoanA,FR,Retail,Floating,2003-12,2.22381,2.16086
LoanA,FR,Retail,Floating,2004-01,2.17534,2.15258
LoanA,FR,Retail,Floating,2004-02,2.23095,2.19504
LoanA,FR,Retail,Floating,2004-03,2.20722,2.14389
LoanA,FR,Retail,Floating,2004-04,2.20719,2.18071
LoanA,FR,Retail,Floating,2004-05,2.19499,2.14498
LoanA,FR,Retail,Floating,2004-06,2.23314,2.186
LoanA,FR,Retail,Floating,2004-07,2.20133,2.18796
LoanA,FR,Retail,Floating,2004-08,2.22214,2.17854
LoanA,FR,Retail,Floating,2004-09,2.21498,2.14427
LoanA,FR,Retail,Floating,2004-10,2.2345,2.13643
LoanA,FR,Retail,Floating,2004-11,2.27677,2.17424
LoanA,FR,Retail,Floating,2004-12,2.25959,2.23643
LoanA,FR,Retail,Floating,2005-01,2.26838,2.27275
LoanA,FR,Retail,Floating,2005-02,2.36438,2.35095
LoanA,FR,Retail,Floating,2005-03,2.49064,2.48791
LoanA,FR,Retail,Floating,2005-04,2.49404,2.48168
LoanA,FR,Retail,Floating,2005-05,2.59813,2.48139
LoanA,FR,Retail,Floating,2005-06,2.50223,2.41939
LoanA,FR,Retail,Floating,2005-07,2.55165,2.48892
LoanA,FR,Retail,Floating,2005-08,2.60308,2.56389
LoanA,FR,Retail,Floating,2005-09,2.56304,2.53053
LoanA,FR,Retail,Floating,2005-10,2.56007,2.57142
LoanA,FR,Retail,Floating,2005-11,2.63114,2.64227
LoanA,FR,Retail,Floating,2005-12,2.60943,2.66358
LoanA,FR,Retail,Floating,2006-01,2.64803,2.71595
LoanA,FR,Retail,Floating,2006-02,2.65391,2.7347
LoanA,FR,Retail,Floating,2006-03,2.6257,2.68385
LoanA,FR,Retail,Floating,2006-04,2.74889,2.74632
LoanA,FR,Retail,Floating,2006-05,2.72105,2.82258
LoanA,FR,Retail,Floating,2006-06,2.79061,2.8693
LoanA,FR,Retail,Floating,2006-07,2.70755,2.83158
LoanA,FR,Retail,Floating,2006-08,2.69329,2.80402
LoanA,FR,Retail,Floating,2006-09,2.70679,2.7575
LoanA,FR,Retail,Floating,2006-10,2.74021,2.80599
LoanA,FR,Retail,Floating,2006-11,2.76199,2.87941
LoanA,FR,Retail,Floating,2006-12,2.77937,2.91064
LoanA,FR,Retail,Floating,2007-01,2.86304,2.96767
LoanA,FR,Retail,Floating,2007-02,2.81305,2.93428
LoanA,FR,Retail,Floating,2007-03,2.84366,2.95158
LoanA,FR,Retail,Floating,2007-04,2.80012,2.89308
LoanA,FR,Retail,Floating,2007-05,2.75796,2.86449
LoanA,FR,Retail,Floating,2007-06,2.87533,2.91843
LoanA,FR,Retail,Floating,2007-07,2.86556,2.91645
LoanA,FR,Retail,Floating,2007-08,2.83807,2.98692
LoanA,FR,Retail,Floating,2007-09,2.892,3.02381
LoanA,FR,Retail,Floating,2007-10,2.99614,3.17054
LoanA,FR,Retail,Floating,2007-11,3.04669,3.18522
LoanA,FR,Retail,Floating,2007-12,2.96849,3.1249
LoanA,IT,Retail,Floating,2003-01,1.96867,1.75488
LoanA,IT,Retail,Floating,2003-02,1.94324,1.79013
LoanA,IT,Retail,Floating,2003-03,1.97607,1.84342
LoanA,IT,Retail,Floating,2003-04,1.9477,1.7934
LoanA,IT,Retail,Floating,2003-05,2.00307,1.78668
LoanA,IT,Retail,Floating,2003-06,2.03418,1.77293
LoanA,IT,Retail,Floating,2003-07,1.97733,1.75026
LoanA,IT,Retail,Floating,2003-08,2.03753,1.84853
LoanA,IT,Retail,Floating,2003-09,2.07261,1.87878
LoanA,IT,Retail,Floating,2003-10,2.02813,1.82574
LoanA,IT,Retail,Floating,2003-11,2.09939,1.88163
LoanA,IT,Retail,Floating,2003-12,2.16192,1.99774
LoanA,IT,Retail,Floating,2004-01,2.24021,2.05936
LoanA,IT,Retail,Floating,2004-02,2.16629,1.99339
LoanA,IT,Retail,Floating,2004-03,2.17713,1.97918
LoanA,IT,Retail,Floating,2004-04,2.21317,2.05253
LoanA,IT,Retail,Floating,2004-05,2.17128,2.02715
LoanA,IT,Retail,Floating,2004-06,2.26201,2.05934
LoanA,IT,Retail,Floating,2004-07,2.30806,2.10807
LoanA,IT,Retail,Floating,2004-08,2.1968,2.07172
LoanA,IT,Retail,Floating,2004-09,2.20169,2.07874
LoanA,IT,Retail,Floating,2004-10,2.12922,1.92668
LoanA,IT,Retail,Floating,2004-11,2.04879,1.88546
LoanA,IT,Retail,Floating,2004-12,2.08198,1.88283
LoanA,IT,Retail,Floating,2005-01,2.05461,1.83044
LoanA,IT,Retail,Floating,2005-02,2.09419,1.92207
LoanA,IT,Retail,Floating,2005-03,2.04884,1.86056
LoanA,IT,Retail,Floating,2005-04,1.97872,1.84856
LoanA,IT,Retail,Floating,2005-05,2.07751,1.86509
LoanA,IT,Retail,Floating,2005-06,2.12356,1.94716
LoanA,IT,Retail,Floating,2005-07,2.0977,1.88536
LoanA,IT,Retail,Floating,2005-08,2.15832,1.95352
LoanA,IT,Retail,Floating,2005-09,2.1921,1.96403
LoanA,IT,Retail,Floating,2005-10,2.11979,1.92496
LoanA,IT,Retail,Floating,2005-11,2.14486,1.95806
LoanA,IT,Retail,Floating,2005-12,2.17078,1.97802
LoanA,IT,Retail,Floating,2006-01,2.16915,1.95801
LoanA,IT,Retail,Floating,2006-02,2.19558,1.9715
LoanA,IT,Retail,Floating,2006-03,2.14704,1.96223
LoanA,IT,Retail,Floating,2006-04,2.13341,1.97791
LoanA,IT,Retail,Floating,2006-05,2.21554,2.02101
LoanA,IT,Retail,Floating,2006-06,2.20889,2.11031
LoanA,IT,Retail,Floating,2006-07,2.23654,2.05842
LoanA,IT,Retail,Floating,2006-08,2.30828,2.17507
LoanA,IT,Retail,Floating,2006-09,2.23633,2.08747
LoanA,IT,Retail,Floating,2006-10,2.217,2.08988
LoanA,IT,Retail,Floating,2006-11,2.25692,2.1293
LoanA,IT,Retail,Floating,2006-12,2.31994,2.15335
LoanA,IT,Retail,Floating,2007-01,2.30991,2.13221
LoanA,IT,Retail,Floating,2007-02,2.30468,2.1318
LoanA,IT,Retail,Floating,2007-03,2.27839,2.11715
LoanA,IT,Retail,Floating,2007-04,2.2095,2.09769
LoanA,IT,Retail,Floating,2007-05,2.24287,2.15017
LoanA,IT,Retail,Floating,2007-06,2.27587,2.17802
LoanA,IT,Retail,Floating,2007-07,2.28554,2.15337
LoanA,IT,Retail,Floating,2007-08,2.33258,2.20835
LoanA,IT,Retail,Floating,2007-09,2.38181,2.23372
LoanA,IT,Retail,Floating,2007-10,2.4215,2.28436
LoanA,IT,Retail,Floating,2007-11,2.44169,2.32584
LoanA,IT,Retail,Floating,2007-12,2.47668,2.29439
LoanA,ES,Retail,Floating,2003-01,1.82653,1.46779
LoanA,ES,Retail,Floating,2003-02,1.80917,1.45619
LoanA,ES,Retail,Floating,2003-03,1.91714,1.55919
LoanA,ES,Retail,Floating,2003-04,2.00948,1.62921
LoanA,ES,Retail,Floating,2003-05,2.06544,1.73001
LoanA,ES,Retail,Floating,2003-06,2.1033,1.73447
LoanA,ES,Retail,Floating,2003-07,2.07724,1.79328
LoanA,ES,Retail,Floating,2003-08,1.98087,1.73064
LoanA,ES,Retail,Floating,2003-09,2.04653,1.77984
LoanA,ES,Retail,Floating,2003-10,2.07457,1.78195
LoanA,ES,Retail,Floating,2003-11,2.02903,1.7242
LoanA,ES,Retail,Floating,2003-12,2.01763,1.78583
LoanA,ES,Retail,Floating,2004-01,1.98222,1.70532
LoanA,ES,Retail,Floating,2004-02,1.89175,1.61969
LoanA,ES,Retail,Floating,2004-03,1.96249,1.64781
LoanA,ES,Retail,Floating,2004-04,2.00837,1.68638
LoanA,ES,Retail,Floating,2004-05,2.02351,1.74491
LoanA,ES,Retail,Floating,2004-06,2.05813,1.792
LoanA,ES,Retail,Floating,2004-07,2.10731,1.87584
LoanA,ES,Retail,Floating,2004-08,2.16427,1.92085
LoanA,ES,Retail,Floating,2004-09,2.20799,1.92423
LoanA,ES,Retail,Floating,2004-10,2.17532,1.93055
LoanA,ES,Retail,Floating,2004-11,2.19787,1.92644
LoanA,ES,Retail,Floating,2004-12,2.19957,1.95122
LoanA,ES,Retail,Floating,2005-01,2.14674,1.90635
LoanA,ES,Retail,Floating,2005-02,2.18049,1.93339
LoanA,ES,Retail,Floating,2005-03,2.16324,1.93907
LoanA,ES,Retail,Floating,2005-04,2.18582,1.96286
LoanA,ES,Retail,Floating,2005-05,2.18742,1.98679
LoanA,ES,Retail,Floating,2005-06,2.18343,1.87418
LoanA,ES,Retail,Floating,2005-07,2.14054,1.83911
LoanA,ES,Retail,Floating,2005-08,2.11473,1.84368
LoanA,ES,Retail,Floating,2005-09,2.13319,1.85091
LoanA,ES,Retail,Floating,2005-10,2.14812,1.87388
LoanA,ES,Retail,Floating,2005-11,2.16323,1.899
LoanA,ES,Retail,Floating,2005-12,2.25444,1.98481
LoanA,ES,Retail,Floating,2006-01,2.29052,2.01043
LoanA,ES,Retail,Floating,2006-02,2.25515,2.00478
LoanA,ES,Retail,Floating,2006-03,2.1824,1.93482
LoanA,ES,Retail,Floating,2006-04,2.13628,1.87639
LoanA,ES,Retail,Floating,2006-05,2.10521,1.91317
LoanA,ES,Retail,Floating,2006-06,2.14899,1.97619
LoanA,ES,Retail,Floating,2006-07,2.30178,2.06326
LoanA,ES,Retail,Floating,2006-08,2.32658,2.03186
LoanA,ES,Retail,Floating,2006-09,2.29056,2.02667
LoanA,ES,Retail,Floating,2006-10,2.31709,2.04879
LoanA,ES,Retail,Floating,2006-11,2.40345,2.16116
LoanA,ES,Retail,Floating,2006-12,2.4973,2.1769
LoanA,ES,Retail,Floating,2007-01,2.5492,2.26446
LoanA,ES,Retail,Floating,2007-02,2.5175,2.28296
LoanA,ES,Retail,Floating,2007-03,2.52355,2.35062
LoanA,ES,Retail,Floating,2007-04,2.52905,2.41195
LoanA,ES,Retail,Floating,2007-05,2.5762,2.43026
LoanA,ES,Retail,Floating,2007-06,2.53085,2.38924
LoanA,ES,Retail,Floating,2007-07,2.50184,2.38578
LoanA,ES,Retail,Floating,2007-08,2.57955,2.47024
LoanA,ES,Retail,Floating,2007-09,2.61469,2.52413
LoanA,ES,Retail,Floating,2007-10,2.68441,2.51245
LoanA,ES,Retail,Floating,2007-11,2.69409,2.50533
LoanA,ES,Retail,Floating,2007-12,2.61386,2.42879
LoanA,NL,Retail,Floating,2003-01,1.80336,1.65847
LoanA,NL,Retail,Floating,2003-02,1.81086,1.67234
LoanA,NL,Retail,Floating,2003-03,1.78962,1.63927
LoanA,NL,Retail,Floating,2003-04,1.8399,1.72543
LoanA,NL,Retail,Floating,2003-05,1.89562,1.76238
LoanA,NL,Retail,Floating,2003-06,1.84801,1.72051
LoanA,NL,Retail,Floating,2003-07,1.84132,1.721
LoanA,NL,Retail,Floating,2003-08,1.83663,1.68722
LoanA,NL,Retail,Floating,2003-09,1.81523,1.62808
LoanA,NL,Retail,Floating,2003-10,1.77594,1.68438
LoanA,NL,Retail,Floating,2003-11,1.89522,1.78986
LoanA,NL,Retail,Floating,2003-12,1.84579,1.72993
LoanA,NL,Retail,Floating,2004-01,1.91211,1.76808
LoanA,NL,Retail,Floating,2004-02,1.87605,1.74554
LoanA,NL,Retail,Floating,2004-03,1.90208,1.73119
LoanA,NL,Retail,Floating,2004-04,1.84582,1.71157
LoanA,NL,Retail,Floating,2004-05,1.75236,1.67837
LoanA,NL,Retail,Floating,2004-06,1.82731,1.69079
LoanA,NL,Retail,Floating,2004-07,1.77772,1.65925
LoanA,NL,Retail,Floating,2004-08,1.76226,1.68277
LoanA,NL,Retail,Floating,2004-09,1.799,1.69026
LoanA,NL,Retail,Floating,2004-10,1.80516,1.68831
LoanA,NL,Retail,Floating,2004-11,1.81259,1.65293
LoanA,NL,Retail,Floating,2004-12,1.81746,1.63409
LoanA,NL,Retail,Floating,2005-01,1.84174,1.68186
LoanA,NL,Retail,Floating,2005-02,1.8334,1.71691
LoanA,NL,Retail,Floating,2005-03,1.81926,1.67803
LoanA,NL,Retail,Floating,2005-04,1.83607,1.693
LoanA,NL,Retail,Floating,2005-05,1.88865,1.74057
LoanA,NL,Retail,Floating,2005-06,1.79382,1.6671
LoanA,NL,Retail,Floating,2005-07,1.81977,1.70426
LoanA,NL,Retail,Floating,2005-08,1.82666,1.68113
LoanA,NL,Retail,Floating,2005-09,1.89232,1.71966
LoanA,NL,Retail,Floating,2005-10,1.87876,1.6915
LoanA,NL,Retail,Floating,2005-11,1.79254,1.61126
LoanA,NL,Retail,Floating,2005-12,1.70734,1.53988
LoanA,NL,Retail,Floating,2006-01,1.72995,1.55228
LoanA,NL,Retail,Floating,2006-02,1.70983,1.57527
LoanA,NL,Retail,Floating,2006-03,1.67063,1.54005
LoanA,NL,Retail,Floating,2006-04,1.76847,1.58198
LoanA,NL,Retail,Floating,2006-05,1.70892,1.50891
LoanA,NL,Retail,Floating,2006-06,1.69125,1.5156
LoanA,NL,Retail,Floating,2006-07,1.67459,1.46505
LoanA,NL,Retail,Floating,2006-08,1.68214,1.44246
LoanA,NL,Retail,Floating,2006-09,1.65291,1.45483
LoanA,NL,Retail,Floating,2006-10,1.60744,1.42181
LoanA,NL,Retail,Floating,2006-11,1.58677,1.41258
LoanA,NL,Retail,Floating,2006-12,1.67388,1.4729
LoanA,NL,Retail,Floating,2007-01,1.67852,1.45405
LoanA,NL,Retail,Floating,2007-02,1.74218,1.50584
LoanA,NL,Retail,Floating,2007-03,1.70479,1.45935
LoanA,NL,Retail,Floating,2007-04,1.65465,1.49584
LoanA,NL,Retail,Floating,2007-05,1.73805,1.57792
LoanA,NL,Retail,Floating,2007-06,1.61587,1.46434
LoanA,NL,Retail,Floating,2007-07,1.5927,1.43449
LoanA,NL,Retail,Floating,2007-08,1.64464,1.47335
LoanA,NL,Retail,Floating,2007-09,1.6749,1.47319
LoanA,NL,Retail,Floating,2007-10,1.66114,1.50175
LoanA,NL,Retail,Floating,2007-11,1.58366,1.48155
LoanA,NL,Retail,Floating,2007-12,1.63962,1.49588
LoanA,DE,Corporate,Floating,2003-01,1.68001,1.41292
LoanA,DE,Corporate,Floating,2003-02,1.64658,1.41278
LoanA,DE,Corporate,Floating,2003-03,1.72568,1.42513
LoanA,DE,Corporate,Floating,2003-04,1.81508,1.52423
LoanA,DE,Corporate,Floating,2003-05,1.86183,1.56375
LoanA,DE,Corporate,Floating,2003-06,1.86957,1.58459
LoanA,DE,Corporate,Floating,2003-07,1.83527,1.6167
LoanA,DE,Corporate,Floating,2003-08,1.84143,1.63921
LoanA,DE,Corporate,Floating,2003-09,1.82832,1.59222
LoanA,DE,Corporate,Floating,2003-10,1.74356,1.53515
LoanA,DE,Corporate,Floating,2003-11,1.86554,1.63949
LoanA,DE,Corporate,Floating,2003-12,1.87155,1.65869
LoanA,DE,Corporate,Floating,2004-01,1.87484,1.67369
LoanA,DE,Corporate,Floating,2004-02,1.90745,1.67918
LoanA,DE,Corporate,Floating,2004-03,1.9528,1.72823
LoanA,DE,Corporate,Floating,2004-04,2.04125,1.86517
LoanA,DE,Corporate,Floating,2004-05,2.10527,1.90136
LoanA,DE,Corporate,Floating,2004-06,2.04006,1.88196
LoanA,DE,Corporate,Floating,2004-07,2.06879,1.88529
LoanA,DE,Corporate,Floating,2004-08,2.13198,1.94884
LoanA,DE,Corporate,Floating,2004-09,2.09576,1.9297
LoanA,DE,Corporate,Floating,2004-10,2.14647,1.98231
LoanA,DE,Corporate,Floating,2004-11,2.01863,1.87628
LoanA,DE,Corporate,Floating,2004-12,2.06119,1.87478
LoanA,DE,Corporate,Floating,2005-01,2.08292,1.91619
LoanA,DE,Corporate,Floating,2005-02,2.12589,1.98969
LoanA,DE,Corporate,Floating,2005-03,2.14039,1.95877
LoanA,DE,Corporate,Floating,2005-04,2.0553,1.89363
LoanA,DE,Corporate,Floating,2005-05,2.01526,1.8906
LoanA,DE,Corporate,Floating,2005-06,1.95499,1.84433
LoanA,DE,Corporate,Floating,2005-07,2.01028,1.84687
LoanA,DE,Corporate,Floating,2005-08,1.98804,1.85654
LoanA,DE,Corporate,Floating,2005-09,2.01935,1.80058
LoanA,DE,Corporate,Floating,2005-10,1.98246,1.85081
LoanA,DE,Corporate,Floating,2005-11,2.059,1.85294
LoanA,DE,Corporate,Floating,2005-12,2.10306,1.91697
LoanA,DE,Corporate,Floating,2006-01,2.02446,1.83472
LoanA,DE,Corporate,Floating,2006-02,1.97192,1.79386
LoanA,DE,Corporate,Floating,2006-03,2.01898,1.8297
LoanA,DE,Corporate,Floating,2006-04,1.99111,1.79974
LoanA,DE,Corporate,Floating,2006-05,2.0248,1.80151
LoanA,DE,Corporate,Floating,2006-06,2.0193,1.81155
LoanA,DE,Corporate,Floating,2006-07,2.02794,1.82946
LoanA,DE,Corporate,Floating,2006-08,1.99058,1.80558
LoanA,DE,Corporate,Floating,2006-09,2.00462,1.82305
LoanA,DE,Corporate,Floating,2006-10,1.9923,1.79392
LoanA,DE,Corporate,Floating,2006-11,1.97222,1.83763
LoanA,DE,Corporate,Floating,2006-12,1.95896,1.84189
LoanA,DE,Corporate,Floating,2007-01,2.02757,1.85964
LoanA,DE,Corporate,Floating,2007-02,2.1484,1.99814
LoanA,DE,Corporate,Floating,2007-03,2.10649,1.95279
LoanA,DE,Corporate,Floating,2007-04,2.17329,2.03221
LoanA,DE,Corporate,Floating,2007-05,2.08642,1.90925
LoanA,DE,Corporate,Floating,2007-06,1.99042,1.81533
LoanA,DE,Corporate,Floating,2007-07,1.9312,1.7633
LoanA,DE,Corporate,Floating,2007-08,1.91253,1.71442
LoanA,DE,Corporate,Floating,2007-09,1.90366,1.7346
LoanA,DE,Corporate,Floating,2007-10,1.95235,1.7591
LoanA,DE,Corporate,Floating,2007-11,1.90138,1.75636
LoanA,DE,Corporate,Floating,2007-12,1.96095,1.75886
LoanA,FR,Corporate,Floating,2003-01,2.05259,1.95803
LoanA,FR,Corporate,Floating,2003-02,2.10471,1.98083
LoanA,FR,Corporate,Floating,2003-03,2.13267,2.03996
LoanA,FR,Corporate,Floating,2003-04,2.18606,2.13324
LoanA,FR,Corporate,Floating,2003-05,2.26458,2.19395
LoanA,FR,Corporate,Floating,2003-06,2.14517,2.11191
LoanA,FR,Corporate,Floating,2003-07,2.13228,2.05793
LoanA,FR,Corporate,Floating,2003-08,2.08413,2.03669
LoanA,FR,Corporate,Floating,2003-09,2.14721,2.048
LoanA,FR,Corporate,Floating,2003-10,2.15677,2.08388
LoanA,FR,Corporate,Floating,2003-11,2.13804,2.05759
LoanA,FR,Corporate,Floating,2003-12,2.16299,2.07693
LoanA,FR,Corporate,Floating,2004-01,2.07525,2.04916
LoanA,FR,Corporate,Floating,2004-02,2.0644,2.02858
LoanA,FR,Corporate,Floating,2004-03,2.06976,1.96825
LoanA,FR,Corporate,Floating,2004-04,2.06237,1.93209
LoanA,FR,Corporate,Floating,2004-05,2.00953,1.87451
LoanA,FR,Corporate,Floating,2004-06,1.92614,1.83571
LoanA,FR,Corporate,Floating,2004-07,2.00815,1.89839
LoanA,FR,Corporate,Floating,2004-08,1.99795,1.86092
LoanA,FR,Corporate,Floating,2004-09,2.10113,2.00254
LoanA,FR,Corporate,Floating,2004-10,2.1591,2.03721
LoanA,FR,Corporate,Floating,2004-11,2.13241,2.05645
LoanA,FR,Corporate,Floating,2004-12,2.09024,2.02353
LoanA,FR,Corporate,Floating,2005-01,2.0591,2.06855
LoanA,FR,Corporate,Floating,2005-02,2.11262,2.04977
LoanA,FR,Corporate,Floating,2005-03,2.1416,2.06587
LoanA,FR,Corporate,Floating,2005-04,2.20018,2.20387
LoanA,FR,Corporate,Floating,2005-05,2.17613,2.20907
LoanA,FR,Corporate,Floating,2005-06,2.24257,2.27653
LoanA,FR,Corporate,Floating,2005-07,2.27867,2.25137
LoanA,FR,Corporate,Floating,2005-08,2.28056,2.25962
LoanA,FR,Corporate,Floating,2005-09,2.3419,2.35816
LoanA,FR,Corporate,Floating,2005-10,2.31004,2.33682
LoanA,FR,Corporate,Floating,2005-11,2.3818,2.43744
LoanA,FR,Corporate,Floating,2005-12,2.38726,2.48283
LoanA,FR,Corporate,Floating,2006-01,2.37913,2.4647
LoanA,FR,Corporate,Floating,2006-02,2.41971,2.50632
LoanA,FR,Corporate,Floating,2006-03,2.52285,2.56495
LoanA,FR,Corporate,Floating,2006-04,2.55839,2.60604
LoanA,FR,Corporate,Floating,2006-05,2.48512,2.53753
LoanA,FR,Corporate,Floating,2006-06,2.54887,2.51117
LoanA,FR,Corporate,Floating,2006-07,2.50017,2.5088
LoanA,FR,Corporate,Floating,2006-08,2.53673,2.51507
LoanA,FR,Corporate,Floating,2006-09,2.59894,2.55611
LoanA,FR,Corporate,Floating,2006-10,2.53301,2.57499
LoanA,FR,Corporate,Floating,2006-11,2.49639,2.51823
LoanA,FR,Corporate,Floating,2006-12,2.50626,2.54724
LoanA,FR,Corporate,Floating,2007-01,2.52957,2.58777
LoanA,FR,Corporate,Floating,2007-02,2.59003,2.62576
LoanA,FR,Corporate,Floating,2007-03,2.62095,2.68979
LoanA,FR,Corporate,Floating,2007-04,2.65596,2.74149
LoanA,FR,Corporate,Floating,2007-05,2.68898,2.77445
LoanA,FR,Corporate,Floating,2007-06,2.69135,2.78094
LoanA,FR,Corporate,Floating,2007-07,2.60749,2.70789
LoanA,FR,Corporate,Floating,2007-08,2.67905,2.73937
LoanA,FR,Corporate,Floating,2007-09,2.72613,2.75976
LoanA,FR,Corporate,Floating,2007-10,2.73922,2.78334
LoanA,FR,Corporate,Floating,2007-11,2.67167,2.7295
LoanA,FR,Corporate,Floating,2007-12,2.61432,2.68545
LoanA,IT,Corporate,Floating,2003-01,2.09025,1.90685
LoanA,IT,Corporate,Floating,2003-02,2.17915,2.03472
LoanA,IT,Corporate,Floating,2003-03,2.23718,2.09161
LoanA,IT,Corporate,Floating,2003-04,2.24422,2.0596
LoanA,IT,Corporate,Floating,2003-05,2.21213,2.07784
LoanA,IT,Corporate,Floating,2003-06,2.21707,2.06971
LoanA,IT,Corporate,Floating,2003-07,2.22915,2.1089
LoanA,IT,Corporate,Floating,2003-08,2.30611,2.14608
LoanA,IT,Corporate,Floating,2003-09,2.29952,2.21026
LoanA,IT,Corporate,Floating,2003-10,2.27346,2.17773
LoanA,IT,Corporate,Floating,2003-11,2.31371,2.19296
LoanA,IT,Corporate,Floating,2003-12,2.30145,2.11554
LoanA,IT,Corporate,Floating,2004-01,2.23506,2.06267
LoanA,IT,Corporate,Floating,2004-02,2.25169,2.11688
LoanA,IT,Corporate,Floating,2004-03,2.28139,2.07934
LoanA,IT,Corporate,Floating,2004-04,2.18574,2.0473
LoanA,IT,Corporate,Floating,2004-05,2.13588,2.05688
LoanA,IT,Corporate,Floating,2004-06,2.22207,2.10162
LoanA,IT,Corporate,Floating,2004-07,2.18457,2.05858
LoanA,IT,Corporate,Floating,2004-08,2.03623,1.89454
LoanA,IT,Corporate,Floating,2004-09,2.05276,1.86103
LoanA,IT,Corporate,Floating,2004-10,2.11671,1.93131
LoanA,IT,Corporate,Floating,2004-11,2.11807,1.95847
LoanA,IT,Corporate,Floating,2004-12,2.14735,2.03466
LoanA,IT,Corporate,Floating,2005-01,2.15882,1.98807
LoanA,IT,Corporate,Floating,2005-02,2.11895,1.9161
LoanA,IT,Corporate,Floating,2005-03,2.13183,1.94923
LoanA,IT,Corporate,Floating,2005-04,2.20099,1.97123
LoanA,IT,Corporate,Floating,2005-05,2.15949,1.9965
LoanA,IT,Corporate,Floating,2005-06,2.16028,2.05315
LoanA,IT,Corporate,Floating,2005-07,2.1879,2.08424
LoanA,IT,Corporate,Floating,2005-08,2.23289,2.11452
LoanA,IT,Corporate,Floating,2005-09,2.28854,2.16027
LoanA,IT,Corporate,Floating,2005-10,2.31162,2.19539
LoanA,IT,Corporate,Floating,2005-11,2.36921,2.24826
LoanA,IT,Corporate,Floating,2005-12,2.37709,2.30869
LoanA,IT,Corporate,Floating,2006-01,2.50699,2.39527
LoanA,IT,Corporate,Floating,2006-02,2.47355,2.37281
LoanA,IT,Corporate,Floating,2006-03,2.52903,2.40684
LoanA,IT,Corporate,Floating,2006-04,2.5131,2.39833
LoanA,IT,Corporate,Floating,2006-05,2.48663,2.36665
LoanA,IT,Corporate,Floating,2006-06,2.46987,2.34217
LoanA,IT,Corporate,Floating,2006-07,2.49542,2.37692
LoanA,IT,Corporate,Floating,2006-08,2.52487,2.40783
LoanA,IT,Corporate,Floating,2006-09,2.57184,2.43785
LoanA,IT,Corporate,Floating,2006-10,2.54831,2.43657
LoanA,IT,Corporate,Floating,2006-11,2.56057,2.44674
LoanA,IT,Corporate,Floating,2006-12,2.57938,2.49762
LoanA,IT,Corporate,Floating,2007-01,2.56275,2.43316
LoanA,IT,Corporate,Floating,2007-02,2.52572,2.44439
LoanA,IT,Corporate,Floating,2007-03,2.58862,2.45888
LoanA,IT,Corporate,Floating,2007-04,2.59718,2.50655
LoanA,IT,Corporate,Floating,2007-05,2.49466,2.44904
LoanA,IT,Corporate,Floating,2007-06,2.58098,2.53379
LoanA,IT,Corporate,Floating,2007-07,2.5825,2.55448
LoanA,IT,Corporate,Floating,2007-08,2.63931,2.5778
LoanA,IT,Corporate,Floating,2007-09,2.60553,2.56774
LoanA,IT,Corporate,Floating,2007-10,2.62838,2.60464
LoanA,IT,Corporate,Floating,2007-11,2.59166,2.61703
LoanA,IT,Corporate,Floating,2007-12,2.66782,2.68748
LoanA,ES,Corporate,Floating,2003-01,2.15347,1.87646
LoanA,ES,Corporate,Floating,2003-02,2.05126,1.80726
LoanA,ES,Corporate,Floating,2003-03,2.17315,1.85528
LoanA,ES,Corporate,Floating,2003-04,2.19111,1.90457
LoanA,ES,Corporate,Floating,2003-05,2.26198,1.93584
LoanA,ES,Corporate,Floating,2003-06,2.15181,1.8975
LoanA,ES,Corporate,Floating,2003-07,2.14996,1.90511
LoanA,ES,Corporate,Floating,2003-08,2.19505,1.91493
LoanA,ES,Corporate,Floating,2003-09,2.15669,1.86701
LoanA,ES,Corporate,Floating,2003-10,2.23542,1.95218
LoanA,ES,Corporate,Floating,2003-11,2.23022,2.00605
LoanA,ES,Corporate,Floating,2003-12,2.28414,2.005
LoanA,ES,Corporate,Floating,2004-01,2.30261,2.01635
LoanA,ES,Corporate,Floating,2004-02,2.31238,2.03676
LoanA,ES,Corporate,Floating,2004-03,2.20281,1.94468
LoanA,ES,Corporate,Floating,2004-04,2.21325,1.94232
LoanA,ES,Corporate,Floating,2004-05,2.18168,1.91822
LoanA,ES,Corporate,Floating,2004-06,2.1027,1.87814
LoanA,ES,Corporate,Floating,2004-07,2.124,1.87408
LoanA,ES,Corporate,Floating,2004-08,2.21299,1.97397
LoanA,ES,Corporate,Floating,2004-09,2.28774,2.01601
LoanA,ES,Corporate,Floating,2004-10,2.19455,1.99745
LoanA,ES,Corporate,Floating,2004-11,2.26036,2.03608
LoanA,ES,Corporate,Floating,2004-12,2.30007,2.11605
LoanA,ES,Corporate,Floating,2005-01,2.37717,2.17228
LoanA,ES,Corporate,Floating,2005-02,2.40526,2.18526
LoanA,ES,Corporate,Floating,2005-03,2.3824,2.16291
LoanA,ES,Corporate,Floating,2005-04,2.44267,2.20783
LoanA,ES,Corporate,Floating,2005-05,2.41698,2.2375
LoanA,ES,Corporate,Floating,2005-06,2.50668,2.29226
LoanA,ES,Corporate,Floating,2005-07,2.50856,2.33402
LoanA,ES,Corporate,Floating,2005-08,2.51734,2.3965
LoanA,ES,Corporate,Floating,2005-09,2.52184,2.37973
LoanA,ES,Corporate,Floating,2005-10,2.53681,2.4556
LoanA,ES,Corporate,Floating,2005-11,2.60033,2.47548
LoanA,ES,Corporate,Floating,2005-12,2.69974,2.58925
LoanA,ES,Corporate,Floating,2006-01,2.72916,2.56479
LoanA,ES,Corporate,Floating,2006-02,2.81355,2.66159
LoanA,ES,Corporate,Floating,2006-03,2.77172,2.68148
LoanA,ES,Corporate,Floating,2006-04,2.7414,2.65891
LoanA,ES,Corporate,Floating,2006-05,2.76468,2.64472
LoanA,ES,Corporate,Floating,2006-06,2.78698,2.6387
LoanA,ES,Corporate,Floating,2006-07,2.83676,2.66991
LoanA,ES,Corporate,Floating,2006-08,2.87784,2.70605
LoanA,ES,Corporate,Floating,2006-09,2.82986,2.68736
LoanA,ES,Corporate,Floating,2006-10,2.83393,2.69615
LoanA,ES,Corporate,Floating,2006-11,2.95423,2.81326
LoanA,ES,Corporate,Floating,2006-12,2.99657,2.90964
LoanA,ES,Corporate,Floating,2007-01,3.02514,2.94145
LoanA,ES,Corporate,Floating,2007-02,3.01501,2.95335
LoanA,ES,Corporate,Floating,2007-03,3.01127,2.96935
LoanA,ES,Corporate,Floating,2007-04,3.05352,3.01003
LoanA,ES,Corporate,Floating,2007-05,3.00339,2.96889
LoanA,ES,Corporate,Floating,2007-06,3.00918,2.96602
LoanA,ES,Corporate,Floating,2007-07,2.92736,2.89259
LoanA,ES,Corporate,Floating,2007-08,2.96514,2.92255
LoanA,ES,Corporate,Floating,2007-09,3.02508,2.96491
LoanA,ES,Corporate,Floating,2007-10,2.99567,2.95075
LoanA,ES,Corporate,Floating,2007-11,3.07553,3.03945
LoanA,ES,Corporate,Floating,2007-12,3.04285,2.98817
LoanA,NL,Corporate,Floating,2003-01,1.68603,1.51181
LoanA,NL,Corporate,Floating,2003-02,1.647,1.51513
LoanA,NL,Corporate,Floating,2003-03,1.66992,1.57942
LoanA,NL,Corporate,Floating,2003-04,1.65966,1.48438
LoanA,NL,Corporate,Floating,2003-05,1.86058,1.64126
LoanA,NL,Corporate,Floating,2003-06,1.83977,1.60771
LoanA,NL,Corporate,Floating,2003-07,1.84231,1.63788
LoanA,NL,Corporate,Floating,2003-08,1.8029,1.60095
LoanA,NL,Corporate,Floating,2003-09,1.8395,1.64317
LoanA,NL,Corporate,Floating,2003-10,1.85714,1.667
LoanA,NL,Corporate,Floating,2003-11,1.82407,1.64446
LoanA,NL,Corporate,Floating,2003-12,1.86216,1.70811
LoanA,NL,Corporate,Floating,2004-01,1.85218,1.70992
LoanA,NL,Corporate,Floating,2004-02,1.85562,1.74728
LoanA,NL,Corporate,Floating,2004-03,1.82791,1.71142
LoanA,NL,Corporate,Floating,2004-04,1.79279,1.71988
LoanA,NL,Corporate,Floating,2004-05,1.90782,1.83005
LoanA,NL,Corporate,Floating,2004-06,1.94108,1.88819
LoanA,NL,Corporate,Floating,2004-07,1.95131,1.91357
LoanA,NL,Corporate,Floating,2004-08,1.97482,1.90113
LoanA,NL,Corporate,Floating,2004-09,2.03861,1.9145
LoanA,NL,Corporate,Floating,2004-10,2.06685,1.93438
LoanA,NL,Corporate,Floating,2004-11,2.02433,1.96684
LoanA,NL,Corporate,Floating,2004-12,1.97244,1.92301
LoanA,NL,Corporate,Floating,2005-01,2.05667,1.96643
LoanA,NL,Corporate,Floating,2005-02,1.98814,1.92195
LoanA,NL,Corporate,Floating,2005-03,2.06765,2.01351
LoanA,NL,Corporate,Floating,2005-04,2.07116,1.98493
LoanA,NL,Corporate,Floating,2005-05,2.05866,2.00976
LoanA,NL,Corporate,Floating,2005-06,2.12289,2.07001
LoanA,NL,Corporate,Floating,2005-07,2.08563,2.0674
LoanA,NL,Corporate,Floating,2005-08,2.11165,2.09443
LoanA,NL,Corporate,Floating,2005-09,2.20689,2.17618
LoanA,NL,Corporate,Floating,2005-10,2.195,2.2144
LoanA,NL,Corporate,Floating,2005-11,2.25699,2.24218
LoanA,NL,Corporate,Floating,2005-12,2.20368,2.16794
LoanA,NL,Corporate,Floating,2006-01,2.19453,2.13126
LoanA,NL,Corporate,Floating,2006-02,2.24466,2.1936
LoanA,NL,Corporate,Floating,2006-03,2.30978,2.2321
LoanA,NL,Corporate,Floating,2006-04,2.32664,2.27817
LoanA,NL,Corporate,Floating,2006-05,2.33342,2.31994
LoanA,NL,Corporate,Floating,2006-06,2.39624,2.39443
LoanA,NL,Corporate,Floating,2006-07,2.40803,2.39136
LoanA,NL,Corporate,Floating,2006-08,2.41314,2.40739
LoanA,NL,Corporate,Floating,2006-09,2.37589,2.36595
LoanA,NL,Corporate,Floating,2006-10,2.30844,2.31205
LoanA,NL,Corporate,Floating,2006-11,2.23969,2.23986
LoanA,NL,Corporate,Floating,2006-12,2.1846,2.20561
LoanA,NL,Corporate,Floating,2007-01,2.33542,2.29323
LoanA,NL,Corporate,Floating,2007-02,2.23187,2.2256
LoanA,NL,Corporate,Floating,2007-03,2.21954,2.22042
LoanA,NL,Corporate,Floating,2007-04,2.17095,2.16576
LoanA,NL,Corporate,Floating,2007-05,2.20088,2.14572
LoanA,NL,Corporate,Floating,2007-06,2.20296,2.1642
LoanA,NL,Corporate,Floating,2007-07,2.22288,2.13919
LoanA,NL,Corporate,Floating,2007-08,2.23679,2.20368
LoanA,NL,Corporate,Floating,2007-09,2.31589,2.29038
LoanA,NL,Corporate,Floating,2007-10,2.20536,2.18792
LoanA,NL,Corporate,Floating,2007-11,2.26118,2.16377
LoanA,NL,Corporate,Floating,2007-12,2.20913,2.17673
LoanB,DE,Retail,Fixed,2003-01,1.99569,1.80752
LoanB,DE,Retail,Fixed,2003-02,1.99692,1.84921
LoanB,DE,Retail,Fixed,2003-03,2.01084,1.8799
LoanB,DE,Retail,Fixed,2003-04,2.01167,1.88063
LoanB,DE,Retail,Fixed,2003-05,2.02857,1.88414
LoanB,DE,Retail,Fixed,2003-06,2.05514,1.89633
LoanB,DE,Retail,Fixed,2003-07,2.0843,1.89898
LoanB,DE,Retail,Fixed,2003-08,2.09769,1.95718
LoanB,DE,Retail,Fixed,2003-09,2.15494,2.0777
LoanB,DE,Retail,Fixed,2003-10,2.23376,2.05983
LoanB,DE,Retail,Fixed,2003-11,2.13491,2.00134
LoanB,DE,Retail,Fixed,2003-12,2.17239,2.00692
LoanB,DE,Retail,Fixed,2004-01,2.27592,2.14591
LoanB,DE,Retail,Fixed,2004-02,2.25455,2.11573
LoanB,DE,Retail,Fixed,2004-03,2.32192,2.20768
LoanB,DE,Retail,Fixed,2004-04,2.38243,2.30157
LoanB,DE,Retail,Fixed,2004-05,2.38645,2.28389
LoanB,DE,Retail,Fixed,2004-06,2.39922,2.32234
LoanB,DE,Retail,Fixed,2004-07,2.5115,2.41376
LoanB,DE,Retail,Fixed,2004-08,2.50598,2.4048
LoanB,DE,Retail,Fixed,2004-09,2.50759,2.40462
LoanB,DE,Retail,Fixed,2004-10,2.46,2.38554
LoanB,DE,Retail,Fixed,2004-11,2.41937,2.3448
LoanB,DE,Retail,Fixed,2004-12,2.36883,2.32234
LoanB,DE,Retail,Fixed,2005-01,2.33664,2.27114
LoanB,DE,Retail,Fixed,2005-02,2.32988,2.28284
LoanB,DE,Retail,Fixed,2005-03,2.3695,2.25434
LoanB,DE,Retail,Fixed,2005-04,2.38019,2.27603
LoanB,DE,Retail,Fixed,2005-05,2.32622,2.20824
LoanB,DE,Retail,Fixed,2005-06,2.33572,2.23478
LoanB,DE,Retail,Fixed,2005-07,2.38388,2.28646
LoanB,DE,Retail,Fixed,2005-08,2.38356,2.19677
LoanB,DE,Retail,Fixed,2005-09,2.35928,2.22547
LoanB,DE,Retail,Fixed,2005-10,2.38226,2.29686
LoanB,DE,Retail,Fixed,2005-11,2.36021,2.24638
LoanB,DE,Retail,Fixed,2005-12,2.35262,2.34
LoanB,DE,Retail,Fixed,2006-01,2.41383,2.37096
LoanB,DE,Retail,Fixed,2006-02,2.39878,2.34571
LoanB,DE,Retail,Fixed,2006-03,2.38851,2.35292
LoanB,DE,Retail,Fixed,2006-04,2.45582,2.39083
LoanB,DE,Retail,Fixed,2006-05,2.47174,2.40463
LoanB,DE,Retail,Fixed,2006-06,2.44804,2.44157
LoanB,DE,Retail,Fixed,2006-07,2.42726,2.40554
LoanB,DE,Retail,Fixed,2006-08,2.37881,2.42401
LoanB,DE,Retail,Fixed,2006-09,2.39409,2.36332
LoanB,DE,Retail,Fixed,2006-10,2.42926,2.36776
LoanB,DE,Retail,Fixed,2006-11,2.38461,2.33256
LoanB,DE,Retail,Fixed,2006-12,2.39495,2.30579
LoanB,DE,Retail,Fixed,2007-01,2.41359,2.37759
LoanB,DE,Retail,Fixed,2007-02,2.45533,2.44216
LoanB,DE,Retail,Fixed,2007-03,2.52424,2.48261
LoanB,DE,Retail,Fixed,2007-04,2.47365,2.438
LoanB,DE,Retail,Fixed,2007-05,2.48032,2.43218
LoanB,DE,Retail,Fixed,2007-06,2.52748,2.50283
LoanB,DE,Retail,Fixed,2007-07,2.54105,2.51992
LoanB,DE,Retail,Fixed,2007-08,2.64308,2.64588
LoanB,DE,Retail,Fixed,2007-09,2.65726,2.67555
LoanB,DE,Retail,Fixed,2007-10,2.69844,2.69515
LoanB,DE,Retail,Fixed,2007-11,2.67892,2.6897
LoanB,DE,Retail,Fixed,2007-12,2.70398,2.70637
LoanB,FR,Retail,Fixed,2003-01,1.88475,1.74822
LoanB,FR,Retail,Fixed,2003-02,1.79997,1.6815
LoanB,FR,Retail,Fixed,2003-03,1.87627,1.73712
LoanB,FR,Retail,Fixed,2003-04,1.93962,1.7721
LoanB,FR,Retail,Fixed,2003-05,2.04285,1.89653
LoanB,FR,Retail,Fixed,2003-06,2.01925,1.85434
LoanB,FR,Retail,Fixed,2003-07,1.97138,1.85389
LoanB,FR,Retail,Fixed,2003-08,1.93054,1.85746
LoanB,FR,Retail,Fixed,2003-09,2.04396,1.91693
LoanB,FR,Retail,Fixed,2003-10,2.00987,1.90158
LoanB,FR,Retail,Fixed,2003-11,1.96229,1.85302
LoanB,FR,Retail,Fixed,2003-12,2.0616,1.92341
LoanB,FR,Retail,Fixed,2004-01,2.05527,1.91758
LoanB,FR,Retail,Fixed,2004-02,2.09458,1.97151
LoanB,FR,Retail,Fixed,2004-03,2.18242,2.01962
LoanB,FR,Retail,Fixed,2004-04,2.12964,2.02813
LoanB,FR,Retail,Fixed,2004-05,2.14802,2.02941
LoanB,FR,Retail,Fixed,2004-06,2.12291,2.01983
LoanB,FR,Retail,Fixed,2004-07,2.12793,2.02908
LoanB,FR,Retail,Fixed,2004-08,2.20706,2.08223
LoanB,FR,Retail,Fixed,2004-09,2.17089,2.05241
LoanB,FR,Retail,Fixed,2004-10,2.178,2.06785
LoanB,FR,Retail,Fixed,2004-11,2.15465,2.02192
LoanB,FR,Retail,Fixed,2004-12,2.08647,1.98221
LoanB,FR,Retail,Fixed,2005-01,2.06079,1.99067
LoanB,FR,Retail,Fixed,2005-02,1.968,1.90266
LoanB,FR,Retail,Fixed,2005-03,2.01958,2.01569
LoanB,FR,Retail,Fixed,2005-04,2.08112,1.96603
LoanB,FR,Retail,Fixed,2005-05,2.04336,1.97403
LoanB,FR,Retail,Fixed,2005-06,2.10247,2.04244
LoanB,FR,Retail,Fixed,2005-07,2.07648,2.00929
LoanB,FR,Retail,Fixed,2005-08,2.01016,1.90416
LoanB,FR,Retail,Fixed,2005-09,2.0245,1.89191
LoanB,FR,Retail,Fixed,2005-10,2.01093,1.85817
LoanB,FR,Retail,Fixed,2005-11,1.89127,1.75435
LoanB,FR,Retail,Fixed,2005-12,1.90485,1.7786
LoanB,FR,Retail,Fixed,2006-01,1.93171,1.79895
LoanB,FR,Retail,Fixed,2006-02,1.97475,1.86607
LoanB,FR,Retail,Fixed,2006-03,1.98828,1.82003
LoanB,FR,Retail,Fixed,2006-04,1.924,1.75007
LoanB,FR,Retail,Fixed,2006-05,1.91889,1.73973
LoanB,FR,Retail,Fixed,2006-06,1.92278,1.74532
LoanB,FR,Retail,Fixed,2006-07,1.98266,1.80138
LoanB,FR,Retail,Fixed,2006-08,2.02482,1.88191
LoanB,FR,Retail,Fixed,2006-09,2.02594,1.95264
LoanB,FR,Retail,Fixed,2006-10,2.06816,1.97646
LoanB,FR,Retail,Fixed,2006-11,2.08819,2.02644
LoanB,FR,Retail,Fixed,2006-12,2.06428,2.00441
LoanB,FR,Retail,Fixed,2007-01,2.10932,2.02283
LoanB,FR,Retail,Fixed,2007-02,2.10438,1.97327
LoanB,FR,Retail,Fixed,2007-03,2.09573,1.9864
LoanB,FR,Retail,Fixed,2007-04,2.10632,2.00084
LoanB,FR,Retail,Fixed,2007-05,2.22453,2.09694
LoanB,FR,Retail,Fixed,2007-06,2.20019,2.09549
LoanB,FR,Retail,Fixed,2007-07,2.27103,2.11
LoanB,FR,Retail,Fixed,2007-08,2.25705,2.13184
LoanB,FR,Retail,Fixed,2007-09,2.16133,2.1191
LoanB,FR,Retail,Fixed,2007-10,2.16989,2.08898
LoanB,FR,Retail,Fixed,2007-11,2.23501,2.16392
LoanB,FR,Retail,Fixed,2007-12,2.23362,2.12487
LoanB,IT,Retail,Fixed,2003-01,1.90864,1.67984
LoanB,IT,Retail,Fixed,2003-02,1.90061,1.68291
LoanB,IT,Retail,Fixed,2003-03,1.87273,1.6317
LoanB,IT,Retail,Fixed,2003-04,1.90549,1.63125
LoanB,IT,Retail,Fixed,2003-05,1.85248,1.59872
LoanB,IT,Retail,Fixed,2003-06,1.86885,1.5797
LoanB,IT,Retail,Fixed,2003-07,1.82211,1.61912
LoanB,IT,Retail,Fixed,2003-08,1.87829,1.71262
LoanB,IT,Retail,Fixed,2003-09,1.94082,1.74235
LoanB,IT,Retail,Fixed,2003-10,1.86758,1.69256
LoanB,IT,Retail,Fixed,2003-11,1.88375,1.72479
LoanB,IT,Retail,Fixed,2003-12,1.95421,1.79462
LoanB,IT,Retail,Fixed,2004-01,1.98409,1.77413
LoanB,IT,Retail,Fixed,2004-02,1.92984,1.77743
LoanB,IT,Retail,Fixed,2004-03,1.97197,1.78817
LoanB,IT,Retail,Fixed,2004-04,1.99123,1.75892
LoanB,IT,Retail,Fixed,2004-05,2.00965,1.80133
LoanB,IT,Retail,Fixed,2004-06,1.99984,1.80529
LoanB,IT,Retail,Fixed,2004-07,2.04125,1.83626
LoanB,IT,Retail,Fixed,2004-08,2.00425,1.80189
LoanB,IT,Retail,Fixed,2004-09,2.03748,1.79002
LoanB,IT,Retail,Fixed,2004-10,2.02069,1.83613
LoanB,IT,Retail,Fixed,2004-11,2.01872,1.82749
LoanB,IT,Retail,Fixed,2004-12,2.10599,1.92384
LoanB,IT,Retail,Fixed,2005-01,2.08558,1.91386
LoanB,IT,Retail,Fixed,2005-02,2.02157,1.93509
LoanB,IT,Retail,Fixed,2005-03,2.10768,1.99172
LoanB,IT,Retail,Fixed,2005-04,2.11119,1.93081
LoanB,IT,Retail,Fixed,2005-05,2.07121,1.85276
LoanB,IT,Retail,Fixed,2005-06,2.01671,1.78648
LoanB,IT,Retail,Fixed,2005-07,2.0309,1.85961
LoanB,IT,Retail,Fixed,2005-08,2.03946,1.84202
LoanB,IT,Retail,Fixed,2005-09,2.13205,1.97993
LoanB,IT,Retail,Fixed,2005-10,2.13641,1.96172
LoanB,IT,Retail,Fixed,2005-11,2.15431,1.98094
LoanB,IT,Retail,Fixed,2005-12,2.19231,2.06805
LoanB,IT,Retail,Fixed,2006-01,2.26723,2.17835
LoanB,IT,Retail,Fixed,2006-02,2.38845,2.29143
LoanB,IT,Retail,Fixed,2006-03,2.44288,2.36185
LoanB,IT,Retail,Fixed,2006-04,2.47232,2.42305
LoanB,IT,Retail,Fixed,2006-05,2.49178,2.46268
LoanB,IT,Retail,Fixed,2006-06,2.54336,2.51159
LoanB,IT,Retail,Fixed,2006-07,2.5917,2.49404
LoanB,IT,Retail,Fixed,2006-08,2.53534,2.46313
LoanB,IT,Retail,Fixed,2006-09,2.54275,2.47296
LoanB,IT,Retail,Fixed,2006-10,2.54718,2.47445
LoanB,IT,Retail,Fixed,2006-11,2.50169,2.46179
LoanB,IT,Retail,Fixed,2006-12,2.50092,2.50661
LoanB,IT,Retail,Fixed,2007-01,2.5509,2.56437
LoanB,IT,Retail,Fixed,2007-02,2.60253,2.57879
LoanB,IT,Retail,Fixed,2007-03,2.68489,2.66267
LoanB,IT,Retail,Fixed,2007-04,2.6733,2.61558
LoanB,IT,Retail,Fixed,2007-05,2.66842,2.6159
LoanB,IT,Retail,Fixed,2007-06,2.639,2.59006
LoanB,IT,Retail,Fixed,2007-07,2.55312,2.50673
LoanB,IT,Retail,Fixed,2007-08,2.59287,2.5126
LoanB,IT,Retail,Fixed,2007-09,2.55941,2.51651
LoanB,IT,Retail,Fixed,2007-10,2.60392,2.60218
LoanB,IT,Retail,Fixed,2007-11,2.67546,2.64372
LoanB,IT,Retail,Fixed,2007-12,2.60464,2.60251
LoanB,ES,Retail,Fixed,2003-01,2.11361,1.82664
LoanB,ES,Retail,Fixed,2003-02,2.10551,1.84064
LoanB,ES,Retail,Fixed,2003-03,2.16798,1.86803
LoanB,ES,Retail,Fixed,2003-04,2.12297,1.83761
LoanB,ES,Retail,Fixed,2003-05,2.10596,1.83185
LoanB,ES,Retail,Fixed,2003-06,2.07415,1.82051
LoanB,ES,Retail,Fixed,2003-07,2.09047,1.80342
LoanB,ES,Retail,Fixed,2003-08,2.18795,1.84507
LoanB,ES,Retail,Fixed,2003-09,2.11614,1.83259
LoanB,ES,Retail,Fixed,2003-10,2.16669,1.89346
LoanB,ES,Retail,Fixed,2003-11,2.32377,2.03662
LoanB,ES,Retail,Fixed,2003-12,2.29648,2.03185
LoanB,ES,Retail,Fixed,2004-01,2.31479,2.04946
LoanB,ES,Retail,Fixed,2004-02,2.29464,2.07844
LoanB,ES,Retail,Fixed,2004-03,2.39816,2.17901
LoanB,ES,Retail,Fixed,2004-04,2.39591,2.18488
LoanB,ES,Retail,Fixed,2004-05,2.40247,2.15343
LoanB,ES,Retail,Fixed,2004-06,2.38173,2.10011
LoanB,ES,Retail,Fixed,2004-07,2.44043,2.10721
LoanB,ES,Retail,Fixed,2004-08,2.3967,2.09479
LoanB,ES,Retail,Fixed,2004-09,2.46059,2.20529
LoanB,ES,Retail,Fixed,2004-10,2.52319,2.30379
LoanB,ES,Retail,Fixed,2004-11,2.46529,2.26207
LoanB,ES,Retail,Fixed,2004-12,2.45335,2.23653
LoanB,ES,Retail,Fixed,2005-01,2.44953,2.25022
LoanB,ES,Retail,Fixed,2005-02,2.51994,2.33008
LoanB,ES,Retail,Fixed,2005-03,2.56796,2.34293
LoanB,ES,Retail,Fixed,2005-04,2.49922,2.32057
LoanB,ES,Retail,Fixed,2005-05,2.54383,2.32762
LoanB,ES,Retail,Fixed,2005-06,2.55149,2.3062
LoanB,ES,Retail,Fixed,2005-07,2.55293,2.34632
LoanB,ES,Retail,Fixed,2005-08,2.45713,2.32087
LoanB,ES,Retail,Fixed,2005-09,2.45241,2.30535
LoanB,ES,Retail,Fixed,2005-10,2.56789,2.37345
LoanB,ES,Retail,Fixed,2005-11,2.53605,2.34503
LoanB,ES,Retail,Fixed,2005-12,2.45237,2.28272
LoanB,ES,Retail,Fixed,2006-01,2.46208,2.29747
LoanB,ES,Retail,Fixed,2006-02,2.49498,2.28945
LoanB,ES,Retail,Fixed,2006-03,2.53428,2.32502
LoanB,ES,Retail,Fixed,2006-04,2.53683,2.35089
LoanB,ES,Retail,Fixed,2006-05,2.53064,2.3593
LoanB,ES,Retail,Fixed,2006-06,2.529,2.36624
LoanB,ES,Retail,Fixed,2006-07,2.48804,2.33945
LoanB,ES,Retail,Fixed,2006-08,2.56575,2.35362
LoanB,ES,Retail,Fixed,2006-09,2.58405,2.40768
LoanB,ES,Retail,Fixed,2006-10,2.58683,2.36901
LoanB,ES,Retail,Fixed,2006-11,2.62059,2.37874
LoanB,ES,Retail,Fixed,2006-12,2.66743,2.44066
LoanB,ES,Retail,Fixed,2007-01,2.6514,2.47593
LoanB,ES,Retail,Fixed,2007-02,2.71471,2.55141
LoanB,ES,Retail,Fixed,2007-03,2.68862,2.533
LoanB,ES,Retail,Fixed,2007-04,2.59132,2.45146
LoanB,ES,Retail,Fixed,2007-05,2.62815,2.47149
LoanB,ES,Retail,Fixed,2007-06,2.61596,2.49962
LoanB,ES,Retail,Fixed,2007-07,2.73235,2.57804
LoanB,ES,Retail,Fixed,2007-08,2.76513,2.64745
LoanB,ES,Retail,Fixed,2007-09,2.8032,2.68429
LoanB,ES,Retail,Fixed,2007-10,2.84858,2.73256
LoanB,ES,Retail,Fixed,2007-11,2.83602,2.73296
LoanB,ES,Retail,Fixed,2007-12,2.81419,2.68201
LoanB,NL,Retail,Fixed,2003-01,1.51915,1.3032
LoanB,NL,Retail,Fixed,2003-02,1.60622,1.35677
LoanB,NL,Retail,Fixed,2003-03,1.52771,1.29947
LoanB,NL,Retail,Fixed,2003-04,1.56156,1.31579
LoanB,NL,Retail,Fixed,2003-05,1.63785,1.42273
LoanB,NL,Retail,Fixed,2003-06,1.65745,1.38272
LoanB,NL,Retail,Fixed,2003-07,1.5676,1.35883
LoanB,NL,Retail,Fixed,2003-08,1.63084,1.39452
LoanB,NL,Retail,Fixed,2003-09,1.67919,1.4135
LoanB,NL,Retail,Fixed,2003-10,1.63488,1.44103
LoanB,NL,Retail,Fixed,2003-11,1.6832,1.47549
LoanB,NL,Retail,Fixed,2003-12,1.67451,1.51723
LoanB,NL,Retail,Fixed,2004-01,1.73573,1.58272
LoanB,NL,Retail,Fixed,2004-02,1.75594,1.61321
LoanB,NL,Retail,Fixed,2004-03,1.68781,1.61114
LoanB,NL,Retail,Fixed,2004-04,1.77429,1.65477
LoanB,NL,Retail,Fixed,2004-05,1.87564,1.75977
LoanB,NL,Retail,Fixed,2004-06,1.92709,1.76313
LoanB,NL,Retail,Fixed,2004-07,1.89444,1.72441
LoanB,NL,Retail,Fixed,2004-08,1.99629,1.78976
LoanB,NL,Retail,Fixed,2004-09,1.95874,1.79374
LoanB,NL,Retail,Fixed,2004-10,1.85308,1.69511
LoanB,NL,Retail,Fixed,2004-11,1.87924,1.74748
LoanB,NL,Retail,Fixed,2004-12,1.85031,1.73071
LoanB,NL,Retail,Fixed,2005-01,1.79388,1.73619
LoanB,NL,Retail,Fixed,2005-02,1.84438,1.76279
LoanB,NL,Retail,Fixed,2005-03,1.81918,1.78231
LoanB,NL,Retail,Fixed,2005-04,1.91075,1.82778
LoanB,NL,Retail,Fixed,2005-05,1.87816,1.81601
LoanB,NL,Retail,Fixed,2005-06,1.90547,1.85167
LoanB,NL,Retail,Fixed,2005-07,1.90923,1.84869
LoanB,NL,Retail,Fixed,2005-08,1.96379,1.89563
LoanB,NL,Retail,Fixed,2005-09,2.01126,1.9364
LoanB,NL,Retail,Fixed,2005-10,2.0216,1.89962
LoanB,NL,Retail,Fixed,2005-11,2.04305,1.96392
LoanB,NL,Retail,Fixed,2005-12,2.04635,1.94713
LoanB,NL,Retail,Fixed,2006-01,2.16257,1.99753
LoanB,NL,Retail,Fixed,2006-02,2.1526,2.02589
LoanB,NL,Retail,Fixed,2006-03,2.20106,2.1278
LoanB,NL,Retail,Fixed,2006-04,2.16563,2.12663
LoanB,NL,Retail,Fixed,2006-05,2.15996,2.11916
LoanB,NL,Retail,Fixed,2006-06,2.14657,2.12819
LoanB,NL,Retail,Fixed,2006-07,2.16679,2.12303
LoanB,NL,Retail,Fixed,2006-08,2.214,2.17303
LoanB,NL,Retail,Fixed,2006-09,2.09299,2.10221
LoanB,NL,Retail,Fixed,2006-10,2.09097,2.05953
LoanB,NL,Retail,Fixed,2006-11,2.10516,2.01614
LoanB,NL,Retail,Fixed,2006-12,2.13137,2.07366
LoanB,NL,Retail,Fixed,2007-01,2.19028,2.16919
LoanB,NL,Retail,Fixed,2007-02,2.1636,2.17396
LoanB,NL,Retail,Fixed,2007-03,2.13518,2.17552
LoanB,NL,Retail,Fixed,2007-04,2.21184,2.18903
LoanB,NL,Retail,Fixed,2007-05,2.26885,2.25712
LoanB,NL,Retail,Fixed,2007-06,2.26963,2.22075
LoanB,NL,Retail,Fixed,2007-07,2.32488,2.24267
LoanB,NL,Retail,Fixed,2007-08,2.37245,2.30143
LoanB,NL,Retail,Fixed,2007-09,2.35686,2.33648
LoanB,NL,Retail,Fixed,2007-10,2.37125,2.35596
LoanB,NL,Retail,Fixed,2007-11,2.3959,2.41602
LoanB,NL,Retail,Fixed,2007-12,2.28127,2.29085
LoanB,DE,Corporate,Fixed,2003-01,1.48383,1.16769
LoanB,DE,Corporate,Fixed,2003-02,1.44432,1.13608
LoanB,DE,Corporate,Fixed,2003-03,1.37063,1.03562
LoanB,DE,Corporate,Fixed,2003-04,1.36326,1.00121
LoanB,DE,Corporate,Fixed,2003-05,1.35287,0.99587
LoanB,DE,Corporate,Fixed,2003-06,1.40538,1.08194
LoanB,DE,Corporate,Fixed,2003-07,1.39538,1.06739
LoanB,DE,Corporate,Fixed,2003-08,1.42531,1.10299
LoanB,DE,Corporate,Fixed,2003-09,1.41885,1.10457
LoanB,DE,Corporate,Fixed,2003-10,1.47538,1.17589
LoanB,DE,Corporate,Fixed,2003-11,1.58513,1.24375
LoanB,DE,Corporate,Fixed,2003-12,1.63677,1.31256
LoanB,DE,Corporate,Fixed,2004-01,1.54802,1.23586
LoanB,DE,Corporate,Fixed,2004-02,1.58037,1.25619
LoanB,DE,Corporate,Fixed,2004-03,1.59584,1.30414
LoanB,DE,Corporate,Fixed,2004-04,1.65287,1.33322
LoanB,DE,Corporate,Fixed,2004-05,1.67911,1.37505
LoanB,DE,Corporate,Fixed,2004-06,1.67153,1.38797
LoanB,DE,Corporate,Fixed,2004-07,1.65742,1.36073
LoanB,DE,Corporate,Fixed,2004-08,1.54083,1.28587
LoanB,DE,Corporate,Fixed,2004-09,1.50797,1.26359
LoanB,DE,Corporate,Fixed,2004-10,1.61357,1.4075
LoanB,DE,Corporate,Fixed,2004-11,1.63748,1.39322
LoanB,DE,Corporate,Fixed,2004-12,1.63246,1.30525
LoanB,DE,Corporate,Fixed,2005-01,1.71741,1.35188
LoanB,DE,Corporate,Fixed,2005-02,1.73565,1.40465
LoanB,DE,Corporate,Fixed,2005-03,1.77904,1.47902
LoanB,DE,Corporate,Fixed,2005-04,1.72877,1.51257
LoanB,DE,Corporate,Fixed,2005-05,1.76979,1.56485
LoanB,DE,Corporate,Fixed,2005-06,1.84365,1.66686
LoanB,DE,Corporate,Fixed,2005-07,1.82296,1.63958
LoanB,DE,Corporate,Fixed,2005-08,1.80735,1.60239
LoanB,DE,Corporate,Fixed,2005-09,1.76952,1.55766
LoanB,DE,Corporate,Fixed,2005-10,1.72065,1.55437
LoanB,DE,Corporate,Fixed,2005-11,1.84469,1.63605
LoanB,DE,Corporate,Fixed,2005-12,1.84854,1.67245
LoanB,DE,Corporate,Fixed,2006-01,1.90281,1.70688
LoanB,DE,Corporate,Fixed,2006-02,1.90644,1.62592
LoanB,DE,Corporate,Fixed,2006-03,1.83112,1.60126
LoanB,DE,Corporate,Fixed,2006-04,1.68956,1.51948
LoanB,DE,Corporate,Fixed,2006-05,1.77368,1.58804
LoanB,DE,Corporate,Fixed,2006-06,1.90134,1.67732
LoanB,DE,Corporate,Fixed,2006-07,1.99437,1.7263
LoanB,DE,Corporate,Fixed,2006-08,1.89418,1.68696
LoanB,DE,Corporate,Fixed,2006-09,1.97889,1.77106
LoanB,DE,Corporate,Fixed,2006-10,1.95662,1.7684
LoanB,DE,Corporate,Fixed,2006-11,1.91675,1.71767
LoanB,DE,Corporate,Fixed,2006-12,1.96903,1.67945
LoanB,DE,Corporate,Fixed,2007-01,1.87684,1.66795
LoanB,DE,Corporate,Fixed,2007-02,1.89803,1.68043
LoanB,DE,Corporate,Fixed,2007-03,1.9116,1.68236
LoanB,DE,Corporate,Fixed,2007-04,1.88764,1.62173
LoanB,DE,Corporate,Fixed,2007-05,1.92682,1.69239
LoanB,DE,Corporate,Fixed,2007-06,1.92642,1.69486
LoanB,DE,Corporate,Fixed,2007-07,1.88369,1.66917
LoanB,DE,Corporate,Fixed,2007-08,1.94484,1.73469
LoanB,DE,Corporate,Fixed,2007-09,1.8915,1.68552
LoanB,DE,Corporate,Fixed,2007-10,1.85628,1.61407
LoanB,DE,Corporate,Fixed,2007-11,1.89642,1.6877
LoanB,DE,Corporate,Fixed,2007-12,1.99309,1.79227
LoanB,FR,Corporate,Fixed,2003-01,1.92862,1.80305
LoanB,FR,Corporate,Fixed,2003-02,1.97628,1.86935
LoanB,FR,Corporate,Fixed,2003-03,1.98739,1.87679
LoanB,FR,Corporate,Fixed,2003-04,1.91973,1.79813
LoanB,FR,Corporate,Fixed,2003-05,1.9594,1.87123
LoanB,FR,Corporate,Fixed,2003-06,1.91311,1.83594
LoanB,FR,Corporate,Fixed,2003-07,1.89296,1.81325
LoanB,FR,Corporate,Fixed,2003-08,1.92523,1.79347
LoanB,FR,Corporate,Fixed,2003-09,1.96717,1.87219
LoanB,FR,Corporate,Fixed,2003-10,1.89348,1.77541
LoanB,FR,Corporate,Fixed,2003-11,2.05452,1.9423
LoanB,FR,Corporate,Fixed,2003-12,2.08916,2.0051
LoanB,FR,Corporate,Fixed,2004-01,2.12564,2.02626
LoanB,FR,Corporate,Fixed,2004-02,2.07599,2.03352
LoanB,FR,Corporate,Fixed,2004-03,2.10994,2.0578
LoanB,FR,Corporate,Fixed,2004-04,2.15238,2.09385
LoanB,FR,Corporate,Fixed,2004-05,2.19132,2.13611
LoanB,FR,Corporate,Fixed,2004-06,2.17383,2.17389
LoanB,FR,Corporate,Fixed,2004-07,2.24723,2.18837
LoanB,FR,Corporate,Fixed,2004-08,2.21652,2.1885
LoanB,FR,Corporate,Fixed,2004-09,2.23875,2.19094
LoanB,FR,Corporate,Fixed,2004-10,2.23928,2.1912
LoanB,FR,Corporate,Fixed,2004-11,2.32267,2.25788
LoanB,FR,Corporate,Fixed,2004-12,2.40494,2.29756
LoanB,FR,Corporate,Fixed,2005-01,2.21626,2.16054
LoanB,FR,Corporate,Fixed,2005-02,2.2302,2.20334
LoanB,FR,Corporate,Fixed,2005-03,2.26098,2.22307
LoanB,FR,Corporate,Fixed,2005-04,2.2369,2.23214
LoanB,FR,Corporate,Fixed,2005-05,2.27032,2.22271
LoanB,FR,Corporate,Fixed,2005-06,2.3456,2.28892
LoanB,FR,Corporate,Fixed,2005-07,2.39414,2.34629
LoanB,FR,Corporate,Fixed,2005-08,2.36286,2.31765
LoanB,FR,Corporate,Fixed,2005-09,2.41695,2.348
LoanB,FR,Corporate,Fixed,2005-10,2.32523,2.30942
LoanB,FR,Corporate,Fixed,2005-11,2.28424,2.25044
LoanB,FR,Corporate,Fixed,2005-12,2.24615,2.2291
LoanB,FR,Corporate,Fixed,2006-01,2.327,2.28222
LoanB,FR,Corporate,Fixed,2006-02,2.3106,2.33988
LoanB,FR,Corporate,Fixed,2006-03,2.36202,2.37553
LoanB,FR,Corporate,Fixed,2006-04,2.42137,2.42179
LoanB,FR,Corporate,Fixed,2006-05,2.42271,2.4576
LoanB,FR,Corporate,Fixed,2006-06,2.40104,2.43552
LoanB,FR,Corporate,Fixed,2006-07,2.44355,2.46712
LoanB,FR,Corporate,Fixed,2006-08,2.52038,2.51714
LoanB,FR,Corporate,Fixed,2006-09,2.51732,2.56485
LoanB,FR,Corporate,Fixed,2006-10,2.55749,2.6343
LoanB,FR,Corporate,Fixed,2006-11,2.64565,2.67972
LoanB,FR,Corporate,Fixed,2006-12,2.65167,2.70729
LoanB,FR,Corporate,Fixed,2007-01,2.67932,2.7708
LoanB,FR,Corporate,Fixed,2007-02,2.71986,2.77947
LoanB,FR,Corporate,Fixed,2007-03,2.67288,2.74538
LoanB,FR,Corporate,Fixed,2007-04,2.70998,2.74722
LoanB,FR,Corporate,Fixed,2007-05,2.65526,2.71998
LoanB,FR,Corporate,Fixed,2007-06,2.63491,2.69622
LoanB,FR,Corporate,Fixed,2007-07,2.6696,2.69899
LoanB,FR,Corporate,Fixed,2007-08,2.627,2.66937
LoanB,FR,Corporate,Fixed,2007-09,2.6427,2.66397
LoanB,FR,Corporate,Fixed,2007-10,2.56031,2.57929
LoanB,FR,Corporate,Fixed,2007-11,2.63094,2.59996
LoanB,FR,Corporate,Fixed,2007-12,2.65365,2.61002
LoanB,IT,Corporate,Fixed,2003-01,1.53211,1.20918
LoanB,IT,Corporate,Fixed,2003-02,1.56406,1.24529
LoanB,IT,Corporate,Fixed,2003-03,1.58434,1.21447
LoanB,IT,Corporate,Fixed,2003-04,1.53883,1.23405
LoanB,IT,Corporate,Fixed,2003-05,1.51213,1.24746
LoanB,IT,Corporate,Fixed,2003-06,1.50816,1.20469
LoanB,IT,Corporate,Fixed,2003-07,1.57021,1.26762
LoanB,IT,Corporate,Fixed,2003-08,1.59587,1.28778
LoanB,IT,Corporate,Fixed,2003-09,1.59936,1.28355
LoanB,IT,Corporate,Fixed,2003-10,1.57927,1.27164
LoanB,IT,Corporate,Fixed,2003-11,1.63896,1.28863
LoanB,IT,Corporate,Fixed,2003-12,1.59361,1.31903
LoanB,IT,Corporate,Fixed,2004-01,1.58495,1.32278
LoanB,IT,Corporate,Fixed,2004-02,1.49557,1.19115
LoanB,IT,Corporate,Fixed,2004-03,1.46601,1.202
LoanB,IT,Corporate,Fixed,2004-04,1.44126,1.13993
LoanB,IT,Corporate,Fixed,2004-05,1.50845,1.13945
LoanB,IT,Corporate,Fixed,2004-06,1.44483,1.07922
LoanB,IT,Corporate,Fixed,2004-07,1.39475,1.0184
LoanB,IT,Corporate,Fixed,2004-08,1.40672,1.09016
LoanB,IT,Corporate,Fixed,2004-09,1.39851,1.08415
LoanB,IT,Corporate,Fixed,2004-10,1.39618,1.07432
LoanB,IT,Corporate,Fixed,2004-11,1.42797,1.10844
LoanB,IT,Corporate,Fixed,2004-12,1.47137,1.09991
LoanB,IT,Corporate,Fixed,2005-01,1.56692,1.2151
LoanB,IT,Corporate,Fixed,2005-02,1.51562,1.21145
LoanB,IT,Corporate,Fixed,2005-03,1.55478,1.23971
LoanB,IT,Corporate,Fixed,2005-04,1.61744,1.29826
LoanB,IT,Corporate,Fixed,2005-05,1.7167,1.38837
LoanB,IT,Corporate,Fixed,2005-06,1.72182,1.36127
LoanB,IT,Corporate,Fixed,2005-07,1.64863,1.35037
LoanB,IT,Corporate,Fixed,2005-08,1.68151,1.4241
LoanB,IT,Corporate,Fixed,2005-09,1.69545,1.4746
LoanB,IT,Corporate,Fixed,2005-10,1.76394,1.53836
LoanB,IT,Corporate,Fixed,2005-11,1.74694,1.47993
LoanB,IT,Corporate,Fixed,2005-12,1.84737,1.56733
LoanB,IT,Corporate,Fixed,2006-01,1.80826,1.53926
LoanB,IT,Corporate,Fixed,2006-02,1.80832,1.55887
LoanB,IT,Corporate,Fixed,2006-03,1.81671,1.56146
LoanB,IT,Corporate,Fixed,2006-04,1.76313,1.52754
LoanB,IT,Corporate,Fixed,2006-05,1.78915,1.46691
LoanB,IT,Corporate,Fixed,2006-06,1.65374,1.38972
LoanB,IT,Corporate,Fixed,2006-07,1.68344,1.40567
LoanB,IT,Corporate,Fixed,2006-08,1.69407,1.3394
LoanB,IT,Corporate,Fixed,2006-09,1.62803,1.29271
LoanB,IT,Corporate,Fixed,2006-10,1.60706,1.29181
LoanB,IT,Corporate,Fixed,2006-11,1.49436,1.16987
LoanB,IT,Corporate,Fixed,2006-12,1.53126,1.21882
LoanB,IT,Corporate,Fixed,2007-01,1.48833,1.10832
LoanB,IT,Corporate,Fixed,2007-02,1.40843,1.11446
LoanB,IT,Corporate,Fixed,2007-03,1.48698,1.12521
LoanB,IT,Corporate,Fixed,2007-04,1.46276,1.16211
LoanB,IT,Corporate,Fixed,2007-05,1.47694,1.17003
LoanB,IT,Corporate,Fixed,2007-06,1.5647,1.28092
LoanB,IT,Corporate,Fixed,2007-07,1.61141,1.30174
LoanB,IT,Corporate,Fixed,2007-08,1.61099,1.36442
LoanB,IT,Corporate,Fixed,2007-09,1.62657,1.33824
LoanB,IT,Corporate,Fixed,2007-10,1.70453,1.35428
LoanB,IT,Corporate,Fixed,2007-11,1.70537,1.44166
LoanB,IT,Corporate,Fixed,2007-12,1.71592,1.43978
LoanB,ES,Corporate,Fixed,2003-01,1.69908,1.30847
LoanB,ES,Corporate,Fixed,2003-02,1.71312,1.33976
LoanB,ES,Corporate,Fixed,2003-03,1.7407,1.35072
LoanB,ES,Corporate,Fixed,2003-04,1.71946,1.32864
LoanB,ES,Corporate,Fixed,2003-05,1.76614,1.36304
LoanB,ES,Corporate,Fixed,2003-06,1.87258,1.46325
LoanB,ES,Corporate,Fixed,2003-07,1.83704,1.46371
LoanB,ES,Corporate,Fixed,2003-08,1.85259,1.5097
LoanB,ES,Corporate,Fixed,2003-09,1.84133,1.45503
LoanB,ES,Corporate,Fixed,2003-10,1.82968,1.41721
LoanB,ES,Corporate,Fixed,2003-11,1.85699,1.45083
LoanB,ES,Corporate,Fixed,2003-12,1.87378,1.53504
LoanB,ES,Corporate,Fixed,2004-01,1.91196,1.56282
LoanB,ES,Corporate,Fixed,2004-02,1.90602,1.55717
LoanB,ES,Corporate,Fixed,2004-03,1.94158,1.56713
LoanB,ES,Corporate,Fixed,2004-04,1.86459,1.51461
LoanB,ES,Corporate,Fixed,2004-05,1.84647,1.55484
LoanB,ES,Corporate,Fixed,2004-06,1.93532,1.60895
LoanB,ES,Corporate,Fixed,2004-07,1.85056,1.59635
LoanB,ES,Corporate,Fixed,2004-08,1.85722,1.58285
LoanB,ES,Corporate,Fixed,2004-09,1.87584,1.60614
LoanB,ES,Corporate,Fixed,2004-10,1.86616,1.5943
LoanB,ES,Corporate,Fixed,2004-11,1.87984,1.601
LoanB,ES,Corporate,Fixed,2004-12,2.03498,1.71598
LoanB,ES,Corporate,Fixed,2005-01,2.05277,1.71363
LoanB,ES,Corporate,Fixed,2005-02,2.0241,1.70571
LoanB,ES,Corporate,Fixed,2005-03,2.0366,1.68334
LoanB,ES,Corporate,Fixed,2005-04,2.02368,1.73055
LoanB,ES,Corporate,Fixed,2005-05,1.99501,1.73149
LoanB,ES,Corporate,Fixed,2005-06,2.02419,1.70902
LoanB,ES,Corporate,Fixed,2005-07,2.10009,1.78508
LoanB,ES,Corporate,Fixed,2005-08,2.14121,1.86606
LoanB,ES,Corporate,Fixed,2005-09,2.0931,1.84604
LoanB,ES,Corporate,Fixed,2005-10,2.08825,1.76271
LoanB,ES,Corporate,Fixed,2005-11,2.07206,1.82309
LoanB,ES,Corporate,Fixed,2005-12,2.05408,1.79886
LoanB,ES,Corporate,Fixed,2006-01,2.11922,1.84839
LoanB,ES,Corporate,Fixed,2006-02,2.10838,1.75988
LoanB,ES,Corporate,Fixed,2006-03,2.13949,1.81451
LoanB,ES,Corporate,Fixed,2006-04,2.09566,1.76396
LoanB,ES,Corporate,Fixed,2006-05,2.09972,1.81049
LoanB,ES,Corporate,Fixed,2006-06,2.12583,1.82121
LoanB,ES,Corporate,Fixed,2006-07,2.09055,1.78351
LoanB,ES,Corporate,Fixed,2006-08,2.0289,1.77316
LoanB,ES,Corporate,Fixed,2006-09,2.1091,1.81747
LoanB,ES,Corporate,Fixed,2006-10,2.14904,1.83277
LoanB,ES,Corporate,Fixed,2006-11,2.18926,1.87199
LoanB,ES,Corporate,Fixed,2006-12,2.25763,1.98081
LoanB,ES,Corporate,Fixed,2007-01,2.16404,1.9126
LoanB,ES,Corporate,Fixed,2007-02,2.17662,2.00346
LoanB,ES,Corporate,Fixed,2007-03,2.23273,2.01868
LoanB,ES,Corporate,Fixed,2007-04,2.2545,1.98374
LoanB,ES,Corporate,Fixed,2007-05,2.23155,1.92722
LoanB,ES,Corporate,Fixed,2007-06,2.23773,1.92777
LoanB,ES,Corporate,Fixed,2007-07,2.25876,1.98385
LoanB,ES,Corporate,Fixed,2007-08,2.2846,1.98747
LoanB,ES,Corporate,Fixed,2007-09,2.35961,2.07303
LoanB,ES,Corporate,Fixed,2007-10,2.27244,2.01047
LoanB,ES,Corporate,Fixed,2007-11,2.29438,2.01987
LoanB,ES,Corporate,Fixed,2007-12,2.22311,1.96725
LoanB,NL,Corporate,Fixed,2003-01,1.52724,1.31332
LoanB,NL,Corporate,Fixed,2003-02,1.49359,1.25836
LoanB,NL,Corporate,Fixed,2003-03,1.44609,1.20725
LoanB,NL,Corporate,Fixed,2003-04,1.49555,1.27016
LoanB,NL,Corporate,Fixed,2003-05,1.51688,1.32704
LoanB,NL,Corporate,Fixed,2003-06,1.55398,1.36872
LoanB,NL,Corporate,Fixed,2003-07,1.54656,1.38312
LoanB,NL,Corporate,Fixed,2003-08,1.50388,1.27356
LoanB,NL,Corporate,Fixed,2003-09,1.53572,1.27981
LoanB,NL,Corporate,Fixed,2003-10,1.48886,1.31252
LoanB,NL,Corporate,Fixed,2003-11,1.46646,1.29579
LoanB,NL,Corporate,Fixed,2003-12,1.42444,1.27016
LoanB,NL,Corporate,Fixed,2004-01,1.50485,1.35238
LoanB,NL,Corporate,Fixed,2004-02,1.53476,1.35937
LoanB,NL,Corporate,Fixed,2004-03,1.53212,1.39211
LoanB,NL,Corporate,Fixed,2004-04,1.57251,1.44081
LoanB,NL,Corporate,Fixed,2004-05,1.53869,1.40074
LoanB,NL,Corporate,Fixed,2004-06,1.58988,1.4204
LoanB,NL,Corporate,Fixed,2004-07,1.66426,1.49639
LoanB,NL,Corporate,Fixed,2004-08,1.72809,1.59735
LoanB,NL,Corporate,Fixed,2004-09,1.75618,1.60934
LoanB,NL,Corporate,Fixed,2004-10,1.7422,1.60745
LoanB,NL,Corporate,Fixed,2004-11,1.76298,1.6309
LoanB,NL,Corporate,Fixed,2004-12,1.84009,1.65308
LoanB,NL,Corporate,Fixed,2005-01,1.92325,1.73242
LoanB,NL,Corporate,Fixed,2005-02,1.82204,1.6926
LoanB,NL,Corporate,Fixed,2005-03,1.84805,1.6886
LoanB,NL,Corporate,Fixed,2005-04,1.82541,1.64275
LoanB,NL,Corporate,Fixed,2005-05,1.74117,1.60214
LoanB,NL,Corporate,Fixed,2005-06,1.79736,1.63097
LoanB,NL,Corporate,Fixed,2005-07,1.87589,1.68146
LoanB,NL,Corporate,Fixed,2005-08,1.79717,1.65899
LoanB,NL,Corporate,Fixed,2005-09,1.81183,1.7076
LoanB,NL,Corporate,Fixed,2005-10,1.91024,1.77318
LoanB,NL,Corporate,Fixed,2005-11,1.99622,1.87991
LoanB,NL,Corporate,Fixed,2005-12,2.0157,1.8934
LoanB,NL,Corporate,Fixed,2006-01,1.99613,1.87141
LoanB,NL,Corporate,Fixed,2006-02,1.96454,1.83129
LoanB,NL,Corporate,Fixed,2006-03,1.87721,1.7862
LoanB,NL,Corporate,Fixed,2006-04,1.98079,1.85869
LoanB,NL,Corporate,Fixed,2006-05,1.95465,1.79293
LoanB,NL,Corporate,Fixed,2006-06,1.98262,1.86382
LoanB,NL,Corporate,Fixed,2006-07,1.94709,1.8304
LoanB,NL,Corporate,Fixed,2006-08,1.87865,1.80614
LoanB,NL,Corporate,Fixed,2006-09,1.91744,1.80856
LoanB,NL,Corporate,Fixed,2006-10,1.91745,1.78338
LoanB,NL,Corporate,Fixed,2006-11,1.95378,1.83998
LoanB,NL,Corporate,Fixed,2006-12,2.06544,1.94064
LoanB,NL,Corporate,Fixed,2007-01,2.01895,1.91777
LoanB,NL,Corporate,Fixed,2007-02,2.02252,1.90616
LoanB,NL,Corporate,Fixed,2007-03,1.9829,1.90799
LoanB,NL,Corporate,Fixed,2007-04,2.02187,1.94505
LoanB,NL,Corporate,Fixed,2007-05,2.02388,1.94737
LoanB,NL,Corporate,Fixed,2007-06,2.09943,2.02674
LoanB,NL,Corporate,Fixed,2007-07,2.14148,2.09407
LoanB,NL,Corporate,Fixed,2007-08,2.1033,2.04479
LoanB,NL,Corporate,Fixed,2007-09,2.16148,2.08084
LoanB,NL,Corporate,Fixed,2007-10,2.20708,2.16686
LoanB,NL,Corporate,Fixed,2007-11,2.14859,2.15212
LoanB,NL,Corporate,Fixed,2007-12,2.22215,2.14741
